"true_Nc","target_fis","n_sample_prop","n_loci","method","num_N_hypothesized","N_try_max_factor","mean_bias","median_bias","rmse","cv"
150,0.001,0.2,1000,"betabin",15,3,-0.84,-0.84,126,0
150,0.001,0.2,1000,"betabin",15,6,-0.84,-0.84,126,0
150,0.001,0.2,1000,"betabin",51,3,-0.84,-0.84,126,0
150,0.001,0.2,1000,"betabin",51,6,-0.84,-0.84,126,0
150,0.001,0.2,1000,"betabin_dynamic",15,3,NA,NA,NA,NA
150,0.001,0.2,1000,"betabin_dynamic",15,6,NA,NA,NA,NA
150,0.001,0.2,1000,"betabin_dynamic",51,3,NA,NA,NA,NA
150,0.001,0.2,1000,"betabin_dynamic",51,6,NA,NA,NA,NA
150,0.001,0.2,1000,"bhd",15,3,-0.785186683417085,-0.786033333333333,117.780134766077,0.022565980732919
150,0.001,0.2,1000,"bhd",15,6,-0.746561666666667,-0.7467,111.985762962307,0.0157102691747239
150,0.001,0.2,1000,"bhd",51,3,-0.801418458961474,-0.800983333333333,120.213486916493,0.0143114318443628
150,0.001,0.2,1000,"bhd",51,6,-0.795773902847571,-0.796416666666667,119.368072822394,0.0230693366330087
150,0.001,0.2,1000,"wasserstein",15,3,-0.826836247906198,-0.827066666666667,124.025634280162,0.00873368375719354
150,0.001,0.2,1000,"wasserstein",15,6,-0.829785,-0.829733333333333,124.468132161409,0.0123941364930408
150,0.001,0.2,1000,"wasserstein",51,3,-0.829829120603015,-0.829791122278057,124.47452244884,0.00787919609695005
150,0.001,0.2,1000,"wasserstein",51,6,-0.829278308207705,-0.82935,124.391840902457,0.00614862869349863
150,0.001,0.2,5000,"betabin",15,3,-0.84,-0.84,126,0
150,0.001,0.2,5000,"betabin",15,6,-0.84,-0.84,126,0
150,0.001,0.2,5000,"betabin",51,3,-0.84,-0.84,126,0
150,0.001,0.2,5000,"betabin",51,6,-0.84,-0.84,126,0
150,0.001,0.2,5000,"betabin_dynamic",15,3,NA,NA,NA,NA
150,0.001,0.2,5000,"betabin_dynamic",15,6,NA,NA,NA,NA
150,0.001,0.2,5000,"betabin_dynamic",51,3,NA,NA,NA,NA
150,0.001,0.2,5000,"betabin_dynamic",51,6,NA,NA,NA,NA
150,0.001,0.2,5000,"bhd",15,3,-0.786541546546547,-0.78678009676343,117.981658585428,0.0101664098297196
150,0.001,0.2,5000,"bhd",15,6,-0.747757715382049,-0.74725021021021,112.164147954625,0.00899612155922602
150,0.001,0.2,5000,"bhd",51,3,-0.802077395061728,-0.801743333333333,120.311760800169,0.00659911030835834
150,0.001,0.2,5000,"bhd",51,6,-0.794476509843177,-0.794386666666667,119.171560573185,0.004711684549815
150,0.001,0.2,5000,"wasserstein",15,3,-0.827270288955622,-0.827357053720387,124.090592157333,0.00435849373512568
150,0.001,0.2,5000,"wasserstein",15,6,-0.829772684017351,-0.829696666666667,124.465962389711,0.00490186907775427
150,0.001,0.2,5000,"wasserstein",51,3,-0.829709702702703,-0.829756666666667,124.456484546968,0.00342087490083223
150,0.001,0.2,5000,"wasserstein",51,6,-0.829479569235902,-0.82951,124.421952014101,0.00258025936078808
150,0.001,0.3,1000,"betabin",15,3,-0.76,-0.76,114,0
150,0.001,0.3,1000,"betabin",15,6,-0.76,-0.76,114,0
150,0.001,0.3,1000,"betabin",51,3,-0.76,-0.76,114,0
150,0.001,0.3,1000,"betabin",51,6,-0.76,-0.76,114,0
150,0.001,0.3,1000,"betabin_dynamic",15,3,NA,NA,NA,NA
150,0.001,0.3,1000,"betabin_dynamic",15,6,0.8,0.8,120,NA
150,0.001,0.3,1000,"betabin_dynamic",51,3,NA,NA,NA,NA
150,0.001,0.3,1000,"betabin_dynamic",51,6,NA,NA,NA,NA
150,0.001,0.3,1000,"bhd",15,3,-0.685536666666667,-0.685883333333333,102.831628354315,0.0104779623758961
150,0.001,0.3,1000,"bhd",15,6,-0.63699,-0.636716666666667,95.549474841571,0.00813248764477198
150,0.001,0.3,1000,"bhd",51,3,-0.716531666666667,-0.717166666666667,107.481447672377,0.0145763693987408
150,0.001,0.3,1000,"bhd",51,6,-0.696753333333333,-0.697816666666667,104.514728423797,0.0135574487551317
150,0.001,0.3,1000,"wasserstein",15,3,-0.730413333333333,-0.730483333333333,109.563103883105,0.0124783206156121
150,0.001,0.3,1000,"wasserstein",15,6,-0.731331666666667,-0.7309,109.700932864083,0.0129693098753884
150,0.001,0.3,1000,"wasserstein",51,3,-0.73936,-0.739533333333333,110.904209658606,0.00565914766649251
150,0.001,0.3,1000,"wasserstein",51,6,-0.725716666666667,-0.72595,108.858689639367,0.0126911373877862
150,0.001,0.3,5000,"betabin",15,3,-0.76,-0.76,114,0
150,0.001,0.3,5000,"betabin",15,6,-0.76,-0.76,114,0
150,0.001,0.3,5000,"betabin",51,3,-0.76,-0.76,114,0
150,0.001,0.3,5000,"betabin",51,6,-0.76,-0.76,114,0
150,0.001,0.3,5000,"betabin_dynamic",15,3,NA,NA,NA,NA
150,0.001,0.3,5000,"betabin_dynamic",15,6,NA,NA,NA,NA
150,0.001,0.3,5000,"betabin_dynamic",51,3,NA,NA,NA,NA
150,0.001,0.3,5000,"betabin_dynamic",51,6,NA,NA,NA,NA
150,0.001,0.3,5000,"bhd",15,3,-0.685466178845512,-0.68557,102.820174438412,0.00490703292269781
150,0.001,0.3,5000,"bhd",15,6,-0.637432666666667,-0.637276666666667,95.6149868315632,0.00243094402940302
150,0.001,0.3,5000,"bhd",51,3,-0.717468,-0.7175,107.620479432123,0.0059371720841507
150,0.001,0.3,5000,"bhd",51,6,-0.696140666666667,-0.69623,104.421273940706,0.00429026662309324
150,0.001,0.3,5000,"wasserstein",15,3,-0.731137633633634,-0.731066666666667,109.671060830291,0.00768266802614436
150,0.001,0.3,5000,"wasserstein",15,6,-0.730147333333333,-0.73022,109.522478375446,0.0072970605706252
150,0.001,0.3,5000,"wasserstein",51,3,-0.739384,-0.73948,110.907635279092,0.00232166870012953
150,0.001,0.3,5000,"wasserstein",51,6,-0.726734,-0.726976666666667,109.010288290143,0.00507135117507119
150,0.001,0.5,1000,"betabin",15,3,-0.6,-0.6,90,0
150,0.001,0.5,1000,"betabin",15,6,-0.6,-0.6,90,0
150,0.001,0.5,1000,"betabin",51,3,-0.6,-0.6,90,0
150,0.001,0.5,1000,"betabin",51,6,-0.6,-0.6,90,0
150,0.001,0.5,1000,"betabin_dynamic",15,3,0.5,0.5,75,0
150,0.001,0.5,1000,"betabin_dynamic",15,6,2,2,300,0
150,0.001,0.5,1000,"betabin_dynamic",51,3,0.5,0.5,75,NA
150,0.001,0.5,1000,"betabin_dynamic",51,6,2,2,300,0
150,0.001,0.5,1000,"bhd",15,3,-0.458771666666667,-0.458983333333333,68.8258752487028,0.0149191527389107
150,0.001,0.5,1000,"bhd",15,6,-0.366341666666667,-0.364516666666667,54.9677998809303,0.0145588042657138
150,0.001,0.5,1000,"bhd",51,3,-0.51016,-0.511533333333333,76.5302896081022,0.0137002104302373
150,0.001,0.5,1000,"bhd",51,6,-0.478691666666667,-0.479116666666667,71.8149081754617,0.0166094134738634
150,0.001,0.5,1000,"wasserstein",15,3,-0.550405,-0.552083333333333,82.5642150011129,0.011507567315622
150,0.001,0.5,1000,"wasserstein",15,6,-0.561548333333333,-0.562666666666667,84.2382453001604,0.0156780702117622
150,0.001,0.5,1000,"wasserstein",51,3,-0.562013333333333,-0.561733333333333,84.3041944092938,0.00949908182149864
150,0.001,0.5,1000,"wasserstein",51,6,-0.545275,-0.5458,81.8038887599483,0.0216289549724196
150,0.001,0.5,5000,"betabin",15,3,-0.6,-0.6,90,0
150,0.001,0.5,5000,"betabin",15,6,-0.6,-0.6,90,0
150,0.001,0.5,5000,"betabin",51,3,-0.6,-0.6,90,0
150,0.001,0.5,5000,"betabin",51,6,-0.6,-0.6,90,0
150,0.001,0.5,5000,"betabin_dynamic",15,3,NA,NA,NA,NA
150,0.001,0.5,5000,"betabin_dynamic",15,6,NA,NA,NA,NA
150,0.001,0.5,5000,"betabin_dynamic",51,3,NA,NA,NA,NA
150,0.001,0.5,5000,"betabin_dynamic",51,6,NA,NA,NA,NA
150,0.001,0.5,5000,"bhd",15,3,-0.460430333333333,-0.460476666666667,69.0663355083358,0.0062954350927139
150,0.001,0.5,5000,"bhd",15,6,-0.368181666666667,-0.367826666666667,55.2337703271287,0.00918742765891872
150,0.001,0.5,5000,"bhd",51,3,-0.508822666666667,-0.508613333333333,76.3245991768054,0.00595793539095893
150,0.001,0.5,5000,"bhd",51,6,-0.477342666666667,-0.47854,71.6054399658294,0.00995406830841507
150,0.001,0.5,5000,"wasserstein",15,3,-0.551086666666667,-0.550706666666667,82.6638121888895,0.00558321820712673
150,0.001,0.5,5000,"wasserstein",15,6,-0.562332,-0.563226666666667,84.3508826521691,0.00667890150714046
150,0.001,0.5,5000,"wasserstein",51,3,-0.563372666666667,-0.563286666666667,84.5063435376304,0.00428904238592067
150,0.001,0.5,5000,"wasserstein",51,6,-0.546292333333333,-0.545066666666667,81.945680779099,0.00825780073868295
150,0.001,0.7,1000,"betabin",15,3,-0.44,-0.44,66,0
150,0.001,0.7,1000,"betabin",15,6,-0.44,-0.44,66,0
150,0.001,0.7,1000,"betabin",51,3,-0.44,-0.44,66,0
150,0.001,0.7,1000,"betabin",51,6,-0.44,-0.44,66,0
150,0.001,0.7,1000,"betabin_dynamic",15,3,1.1,1.1,165,NA
150,0.001,0.7,1000,"betabin_dynamic",15,6,3.2,3.2,480,0
150,0.001,0.7,1000,"betabin_dynamic",51,3,1.1,1.1,165,0
150,0.001,0.7,1000,"betabin_dynamic",51,6,NA,NA,NA,NA
150,0.001,0.7,1000,"bhd",15,3,-0.173088333333333,-0.170416666666667,26.1116884507686,0.0229972236165818
150,0.001,0.7,1000,"bhd",15,6,-0.023805,-0.0227,5.50832699192777,0.0293873681255599
150,0.001,0.7,1000,"bhd",51,3,-0.236751666666667,-0.23905,35.5945366769958,0.0216112261868974
150,0.001,0.7,1000,"bhd",51,6,-0.171093333333333,-0.176783333333333,25.9055021665283,0.029120464008053
150,0.001,0.7,1000,"wasserstein",15,3,-0.34867,-0.350233333333333,52.313732446653,0.0123555282671984
150,0.001,0.7,1000,"wasserstein",15,6,-0.321505,-0.3217,48.2934043245038,0.0257605316515241
150,0.001,0.7,1000,"wasserstein",51,3,-0.369871666666667,-0.369416666666667,55.485934963286,0.0082335490913084
150,0.001,0.7,1000,"wasserstein",51,6,-0.367308333333333,-0.36655,55.1071604580566,0.0118542432141773
150,0.001,0.7,5000,"betabin",15,3,-0.44,-0.44,66,0
150,0.001,0.7,5000,"betabin",15,6,-0.44,-0.44,66,0
150,0.001,0.7,5000,"betabin",51,3,-0.44,-0.44,66,0
150,0.001,0.7,5000,"betabin",51,6,-0.44,-0.44,66,0
150,0.001,0.7,5000,"betabin_dynamic",15,3,NA,NA,NA,NA
150,0.001,0.7,5000,"betabin_dynamic",15,6,NA,NA,NA,NA
150,0.001,0.7,5000,"betabin_dynamic",51,3,NA,NA,NA,NA
150,0.001,0.7,5000,"betabin_dynamic",51,6,NA,NA,NA,NA
150,0.001,0.7,5000,"bhd",15,3,-0.172315333333333,-0.172026666666667,25.8755181339427,0.00998360209811926
150,0.001,0.7,5000,"bhd",15,6,-0.00794500000000002,-0.00528000000000001,2.89191247274187,0.0181669207008354
150,0.001,0.7,5000,"bhd",51,3,-0.241106333333333,-0.239273333333333,36.1843392567835,0.010396047002392
150,0.001,0.7,5000,"bhd",51,6,-0.164847666666667,-0.163293333333333,24.7908877059697,0.0145499388059498
150,0.001,0.7,5000,"wasserstein",15,3,-0.346294333333333,-0.344866666666667,51.950259380007,0.00833603150965388
150,0.001,0.7,5000,"wasserstein",15,6,-0.318931,-0.31819,47.8504002726205,0.0101858893830366
150,0.001,0.7,5000,"wasserstein",51,3,-0.371191666666667,-0.37099,55.6808067411922,0.00520573695602343
150,0.001,0.7,5000,"wasserstein",51,6,-0.367453666666667,-0.368043333333333,55.1199201573261,0.00490974878184204
150,0.05,0.2,1000,"betabin",15,3,-0.84,-0.84,126,0
150,0.05,0.2,1000,"betabin",15,6,-0.84,-0.84,126,0
150,0.05,0.2,1000,"betabin",51,3,-0.84,-0.84,126,0
150,0.05,0.2,1000,"betabin",51,6,-0.84,-0.84,126,0
150,0.05,0.2,1000,"betabin_dynamic",15,3,-0.400236666666667,-0.4,60.0355709767135,0.00105279584383365
150,0.05,0.2,1000,"betabin_dynamic",15,6,0.199423693467337,0.2,29.9144739039956,0.00133780608264352
150,0.05,0.2,1000,"betabin_dynamic",51,3,-0.400105,-0.4,60.0157892662423,0.000782760775260591
150,0.05,0.2,1000,"betabin_dynamic",51,6,0.199551666666667,0.2,29.9332892237054,0.00102447822256177
150,0.05,0.2,1000,"bhd",15,3,-0.784617680067002,-0.786,117.69494948965,0.0233536362515474
150,0.05,0.2,1000,"bhd",15,6,-0.746267654941373,-0.746649748743719,111.941272429063,0.0135238260821658
150,0.05,0.2,1000,"bhd",51,3,-0.800021465661642,-0.800016666666667,120.005657532566,0.0261616934678352
150,0.05,0.2,1000,"bhd",51,6,-0.795393810720268,-0.795171440536013,119.309944885716,0.0152600823162085
150,0.05,0.2,1000,"wasserstein",15,3,-0.82708783919598,-0.827468927973199,124.063379019699,0.00888088139036912
150,0.05,0.2,1000,"wasserstein",15,6,-0.829910393634841,-0.82955,124.486902119509,0.0117527574332051
150,0.05,0.2,1000,"wasserstein",51,3,-0.829569413735343,-0.8295,124.435554602725,0.00755889978179569
150,0.05,0.2,1000,"wasserstein",51,6,-0.828325368509213,-0.82865,124.249019550158,0.00919362153006808
150,0.05,0.2,5000,"betabin",15,3,-0.84,-0.84,126,0
150,0.05,0.2,5000,"betabin",15,6,-0.84,-0.84,126,0
150,0.05,0.2,5000,"betabin",51,3,-0.84,-0.84,126,0
150,0.05,0.2,5000,"betabin",51,6,-0.84,-0.84,126,0
150,0.05,0.2,5000,"betabin_dynamic",15,3,-0.400073022022022,-0.4,60.0109561902619,0.000212226244353718
150,0.05,0.2,5000,"betabin_dynamic",15,6,0.199628607273941,0.2,29.9444085341096,0.000478174231513854
150,0.05,0.2,5000,"betabin_dynamic",51,3,-0.400140062062062,-0.40001,60.0210186153065,0.000381105485933772
150,0.05,0.2,5000,"betabin_dynamic",51,6,0.199710634300968,0.2,29.9567639128702,0.000573293427047324
150,0.05,0.2,5000,"bhd",15,3,-0.783561153820487,-0.783103103103103,117.534710402028,0.0112312843448695
150,0.05,0.2,5000,"bhd",15,6,-0.745790274607941,-0.746112779446113,111.868832629824,0.00687064651643801
150,0.05,0.2,5000,"bhd",51,3,-0.79997019352686,-0.800063396730063,119.995721261746,0.00734452273794633
150,0.05,0.2,5000,"bhd",51,6,-0.792344246246246,-0.792258925592259,118.851971475767,0.00928846872751747
150,0.05,0.2,5000,"wasserstein",15,3,-0.8268180333667,-0.826776723390057,124.022731638266,0.00321012590581772
150,0.05,0.2,5000,"wasserstein",15,6,-0.829132690023357,-0.82929,124.369951704125,0.00438315636273635
150,0.05,0.2,5000,"wasserstein",51,3,-0.829292090757424,-0.829273333333333,124.39383645405,0.00302036830302006
150,0.05,0.2,5000,"wasserstein",51,6,-0.829083865532199,-0.829119119119119,124.36260123675,0.00292012098573222
150,0.05,0.3,1000,"betabin",15,3,-0.76,-0.76,114,0
150,0.05,0.3,1000,"betabin",15,6,-0.76,-0.76,114,0
150,0.05,0.3,1000,"betabin",51,3,-0.76,-0.76,114,0
150,0.05,0.3,1000,"betabin",51,6,-0.76,-0.76,114,0
150,0.05,0.3,1000,"betabin_dynamic",15,3,-0.1,-0.1,15,0
150,0.05,0.3,1000,"betabin_dynamic",15,6,0.8,0.8,120,0
150,0.05,0.3,1000,"betabin_dynamic",51,3,-0.1,-0.1,15,0
150,0.05,0.3,1000,"betabin_dynamic",51,6,0.8,0.8,120,0
150,0.05,0.3,1000,"bhd",15,3,-0.68157,-0.681516666666667,102.237957212573,0.0152255432029063
150,0.05,0.3,1000,"bhd",15,6,-0.636173333333333,-0.63645,95.4269833039901,0.00814415045122332
150,0.05,0.3,1000,"bhd",51,3,-0.715528333333333,-0.71495,107.33030595433,0.0114473668834759
150,0.05,0.3,1000,"bhd",51,6,-0.694796666666667,-0.694316666666667,104.221590229664,0.0147926621058905
150,0.05,0.3,1000,"wasserstein",15,3,-0.728546666666667,-0.72815,109.283685676317,0.015294308348403
150,0.05,0.3,1000,"wasserstein",15,6,-0.729011666666667,-0.728666666666667,109.353383206694,0.0150850379894196
150,0.05,0.3,1000,"wasserstein",51,3,-0.739513333333333,-0.739233333333333,110.927151590582,0.00481538849175477
150,0.05,0.3,1000,"wasserstein",51,6,-0.727301666666667,-0.726616666666667,109.095610721743,0.00703669767808424
150,0.05,0.3,5000,"betabin",15,3,-0.76,-0.76,114,0
150,0.05,0.3,5000,"betabin",15,6,-0.76,-0.76,114,0
150,0.05,0.3,5000,"betabin",51,3,-0.76,-0.76,114,0
150,0.05,0.3,5000,"betabin",51,6,-0.76,-0.76,114,0
150,0.05,0.3,5000,"betabin_dynamic",15,3,-0.1,-0.1,15,0
150,0.05,0.3,5000,"betabin_dynamic",15,6,0.799894333333333,0.8,119.984160848214,0.000193890258809699
150,0.05,0.3,5000,"betabin_dynamic",51,3,-0.100029666666667,-0.1,15.0044625378585,0.000147419711240465
150,0.05,0.3,5000,"betabin_dynamic",51,6,0.799940666666667,0.8,119.991103121023,0.000103998424171599
150,0.05,0.3,5000,"bhd",15,3,-0.683164333333333,-0.6834,102.475066175387,0.00630484958748883
150,0.05,0.3,5000,"bhd",15,6,-0.636116849516183,-0.635923333333333,95.4176992213013,0.00340344001847873
150,0.05,0.3,5000,"bhd",51,3,-0.715709,-0.716336666666667,107.356583638126,0.00538870969246149
150,0.05,0.3,5000,"bhd",51,6,-0.695761,-0.695726666666667,104.364448824061,0.00561475504218084
150,0.05,0.3,5000,"wasserstein",15,3,-0.730191666666667,-0.729993333333333,109.528947757431,0.00527639432042644
150,0.05,0.3,5000,"wasserstein",15,6,-0.729239175842509,-0.729403333333333,109.386278683913,0.0074943887585217
150,0.05,0.3,5000,"wasserstein",51,3,-0.738956333333333,-0.738773333333333,110.843472748963,0.00186073536770172
150,0.05,0.3,5000,"wasserstein",51,6,-0.726174666666667,-0.72631,108.926442314986,0.0057391141950879
150,0.05,0.5,1000,"betabin",15,3,-0.6,-0.6,90,0
150,0.05,0.5,1000,"betabin",15,6,-0.6,-0.6,90,0
150,0.05,0.5,1000,"betabin",51,3,-0.6,-0.6,90,0
150,0.05,0.5,1000,"betabin",51,6,-0.6,-0.6,90,0
150,0.05,0.5,1000,"betabin_dynamic",15,3,0.5,0.5,75,0
150,0.05,0.5,1000,"betabin_dynamic",15,6,2,2,300,0
150,0.05,0.5,1000,"betabin_dynamic",51,3,0.5,0.5,75,0
150,0.05,0.5,1000,"betabin_dynamic",51,6,2,2,300,0
150,0.05,0.5,1000,"bhd",15,3,-0.457103333333333,-0.45745,68.5763622905152,0.0153771372752589
150,0.05,0.5,1000,"bhd",15,6,-0.364491666666667,-0.364966666666667,54.696081772372,0.0168203898296967
150,0.05,0.5,1000,"bhd",51,3,-0.505208333333333,-0.505916666666667,75.7863847188266,0.0121951215081655
150,0.05,0.5,1000,"bhd",51,6,-0.473313333333333,-0.477516666666667,71.0324146428938,0.0291256211546818
150,0.05,0.5,1000,"wasserstein",15,3,-0.545473333333333,-0.5464,81.8267280752445,0.0145695761482218
150,0.05,0.5,1000,"wasserstein",15,6,-0.557068333333333,-0.5566,83.5677736406206,0.017316051459405
150,0.05,0.5,1000,"wasserstein",51,3,-0.561275,-0.562266666666667,84.1930653839733,0.0086196498061679
150,0.05,0.5,1000,"wasserstein",51,6,-0.544088333333333,-0.546816666666667,81.6267482431464,0.0222698938330386
150,0.05,0.5,5000,"betabin",15,3,-0.6,-0.6,90,0
150,0.05,0.5,5000,"betabin",15,6,-0.6,-0.6,90,0
150,0.05,0.5,5000,"betabin",51,3,-0.6,-0.6,90,0
150,0.05,0.5,5000,"betabin",51,6,-0.6,-0.6,90,0
150,0.05,0.5,5000,"betabin_dynamic",15,3,0.5,0.5,75,0
150,0.05,0.5,5000,"betabin_dynamic",15,6,2,2,300,0
150,0.05,0.5,5000,"betabin_dynamic",51,3,0.5,0.5,75,0
150,0.05,0.5,5000,"betabin_dynamic",51,6,2,2,300,0
150,0.05,0.5,5000,"bhd",15,3,-0.459798333333333,-0.46054,68.9713074158378,0.00586867537683701
150,0.05,0.5,5000,"bhd",15,6,-0.363798,-0.36439,54.5739540513604,0.00732575714796521
150,0.05,0.5,5000,"bhd",51,3,-0.507477,-0.50874,76.123007174244,0.00654104373587807
150,0.05,0.5,5000,"bhd",51,6,-0.474325333333333,-0.473533333333333,71.1535934538798,0.010746332386627
150,0.05,0.5,5000,"wasserstein",15,3,-0.549316,-0.549573333333333,82.3978542275222,0.00415225360695544
150,0.05,0.5,5000,"wasserstein",15,6,-0.557899666666667,-0.55763,83.686065547079,0.00668513486781557
150,0.05,0.5,5000,"wasserstein",51,3,-0.561297333333333,-0.560666666666667,84.1950152764402,0.00412290153492188
150,0.05,0.5,5000,"wasserstein",51,6,-0.544819666666667,-0.545296666666667,81.7249096564199,0.00850438739334826
150,0.05,0.7,1000,"betabin",15,3,-0.44,-0.44,66,0
150,0.05,0.7,1000,"betabin",15,6,-0.44,-0.44,66,0
150,0.05,0.7,1000,"betabin",51,3,-0.44,-0.44,66,0
150,0.05,0.7,1000,"betabin",51,6,-0.44,-0.44,66,0
150,0.05,0.7,1000,"betabin_dynamic",15,3,1.1,1.1,165,0
150,0.05,0.7,1000,"betabin_dynamic",15,6,3.2,3.2,480,0
150,0.05,0.7,1000,"betabin_dynamic",51,3,1.1,1.1,165,0
150,0.05,0.7,1000,"betabin_dynamic",51,6,3.2,3.2,480,0
150,0.05,0.7,1000,"bhd",15,3,-0.157666666666667,-0.16075,23.7891626061112,0.0208637675206051
150,0.05,0.7,1000,"bhd",15,6,-0.00904999999999997,-0.0135999999999999,4.71526377841155,0.031168324751495
150,0.05,0.7,1000,"bhd",51,3,-0.233473333333333,-0.233416666666667,35.0835096590977,0.0186795415602951
150,0.05,0.7,1000,"bhd",51,6,-0.156676666666667,-0.154983333333333,24.1564771852189,0.0453141366903735
150,0.05,0.7,1000,"wasserstein",15,3,-0.344068333333333,-0.343533333333333,51.6285690412779,0.014340398663279
150,0.05,0.7,1000,"wasserstein",15,6,-0.31286,-0.31715,47.0535590311721,0.0340575146121895
150,0.05,0.7,1000,"wasserstein",51,3,-0.369346666666667,-0.368766666666667,55.4088993754613,0.00948314459382309
150,0.05,0.7,1000,"wasserstein",51,6,-0.368543333333333,-0.367816666666667,55.2896034530905,0.0102531962174427
150,0.05,0.7,5000,"betabin",15,3,-0.44,-0.44,66,0
150,0.05,0.7,5000,"betabin",15,6,-0.44,-0.44,66,0
150,0.05,0.7,5000,"betabin",51,3,-0.44,-0.44,66,0
150,0.05,0.7,5000,"betabin",51,6,-0.44,-0.44,66,0
150,0.05,0.7,5000,"betabin_dynamic",15,3,1.1,1.1,165,0
150,0.05,0.7,5000,"betabin_dynamic",15,6,3.2,3.2,480,0
150,0.05,0.7,5000,"betabin_dynamic",51,3,1.1,1.1,165,0
150,0.05,0.7,5000,"betabin_dynamic",51,6,3.2,3.2,480,0
150,0.05,0.7,5000,"bhd",15,3,-0.168129,-0.168193333333333,25.2376378460822,0.00789828667966597
150,0.05,0.7,5000,"bhd",15,6,-0.005891,-0.00671000000000002,1.83904685910936,0.0110969718013406
150,0.05,0.7,5000,"bhd",51,3,-0.236255,-0.23648,35.462860088408,0.0118299160474861
150,0.05,0.7,5000,"bhd",51,6,-0.149552666666667,-0.149453333333333,22.5226695442614,0.0161568159163975
150,0.05,0.7,5000,"wasserstein",15,3,-0.341996666666667,-0.34144,51.3017379988242,0.00498109783788389
150,0.05,0.7,5000,"wasserstein",15,6,-0.311703,-0.31026,46.7636462313409,0.00870018156835436
150,0.05,0.7,5000,"wasserstein",51,3,-0.369211666666667,-0.369276666666667,55.3827243989495,0.00356231184587174
150,0.05,0.7,5000,"wasserstein",51,6,-0.365842333333333,-0.366683333333333,54.8805409125129,0.00731509358518639
600,0.001,0.1,1000,"betabin",15,3,-0.92,-0.92,552,0
600,0.001,0.1,1000,"betabin",15,6,-0.92,-0.92,552,0
600,0.001,0.1,1000,"betabin",51,3,-0.92,-0.92,552,0
600,0.001,0.1,1000,"betabin",51,6,-0.92,-0.92,552,0
600,0.001,0.1,1000,"betabin_dynamic",15,3,NA,NA,NA,NA
600,0.001,0.1,1000,"betabin_dynamic",15,6,-0.4,-0.4,240,NA
600,0.001,0.1,1000,"betabin_dynamic",51,3,-0.7,-0.7,420,NA
600,0.001,0.1,1000,"betabin_dynamic",51,6,NA,NA,NA,NA
600,0.001,0.1,1000,"bhd",15,3,-0.895814583333333,-0.8963875,537.489339944291,0.01307029295395
600,0.001,0.1,1000,"bhd",15,6,-0.87976,-0.880275,527.856498823307,0.0103201065146008
600,0.001,0.1,1000,"bhd",51,3,-0.9061575,-0.906091666666667,543.694612965312,0.00638634565361805
600,0.001,0.1,1000,"bhd",51,6,-0.90074625,-0.900925,540.448241220887,0.012553660755019
600,0.001,0.1,1000,"wasserstein",15,3,-0.909165416666667,-0.909295833333333,545.499764561132,0.0141047822746422
600,0.001,0.1,1000,"wasserstein",15,6,-0.913691666666667,-0.913833333333333,548.215445053311,0.0138398307202763
600,0.001,0.1,1000,"wasserstein",51,3,-0.912734166666667,-0.912695833333333,547.640577482166,0.00570829455024812
600,0.001,0.1,1000,"wasserstein",51,6,-0.911532083333333,-0.911583333333333,546.91933876601,0.00602283710601639
600,0.001,0.1,5000,"betabin",15,3,-0.92,-0.92,552,0
600,0.001,0.1,5000,"betabin",15,6,-0.92,-0.92,552,0
600,0.001,0.1,5000,"betabin",51,3,-0.92,-0.92,552,0
600,0.001,0.1,5000,"betabin",51,6,-0.92,-0.92,552,0
600,0.001,0.1,5000,"betabin_dynamic",15,3,NA,NA,NA,NA
600,0.001,0.1,5000,"betabin_dynamic",15,6,NA,NA,NA,NA
600,0.001,0.1,5000,"betabin_dynamic",51,3,NA,NA,NA,NA
600,0.001,0.1,5000,"betabin_dynamic",51,6,NA,NA,NA,NA
600,0.001,0.1,5000,"bhd",15,3,-0.895172583333333,-0.895040833333333,537.10361639813,0.00435646281851943
600,0.001,0.1,5000,"bhd",15,6,-0.880063666666667,-0.880135,528.038286785532,0.0043162593458196
600,0.001,0.1,5000,"bhd",51,3,-0.90589375,-0.905935833333333,543.536290929088,0.00383277897041699
600,0.001,0.1,5000,"bhd",51,6,-0.90050625,-0.9005875,540.303896843943,0.00684625677328368
600,0.001,0.1,5000,"wasserstein",15,3,-0.90850275,-0.908465,545.101768575052,0.00671938209966944
600,0.001,0.1,5000,"wasserstein",15,6,-0.914055,-0.914004166666667,548.433070546626,0.00553453648789044
600,0.001,0.1,5000,"wasserstein",51,3,-0.912711916666667,-0.912678333333333,547.627163567011,0.00238798484853873
600,0.001,0.1,5000,"wasserstein",51,6,-0.911331416666667,-0.9113625,546.798872846817,0.00304830789803578
600,0.001,0.2,1000,"betabin",15,3,-0.84,-0.84,504,0
600,0.001,0.2,1000,"betabin",15,6,-0.84,-0.84,504,0
600,0.001,0.2,1000,"betabin",51,3,-0.84,-0.84,504,0
600,0.001,0.2,1000,"betabin",51,6,-0.84,-0.84,504,0
600,0.001,0.2,1000,"betabin_dynamic",15,3,-0.4,-0.4,240,0
600,0.001,0.2,1000,"betabin_dynamic",15,6,NA,NA,NA,NA
600,0.001,0.2,1000,"betabin_dynamic",51,3,-0.4,-0.4,240,0
600,0.001,0.2,1000,"betabin_dynamic",51,6,NA,NA,NA,NA
600,0.001,0.2,1000,"bhd",15,3,-0.743729583333333,-0.743204166666667,446.251202890536,0.0231205254967127
600,0.001,0.2,1000,"bhd",15,6,-0.681729583333333,-0.6828,409.056739189382,0.0211760825249064
600,0.001,0.2,1000,"bhd",51,3,-0.76793875,-0.768595833333333,460.782618442525,0.0311307904081994
600,0.001,0.2,1000,"bhd",51,6,-0.737765416666667,-0.736275,442.697870317613,0.0381297663547833
600,0.001,0.2,1000,"wasserstein",15,3,-0.816258333333333,-0.815854166666667,489.757298495898,0.0139638800217818
600,0.001,0.2,1000,"wasserstein",15,6,-0.819197916666667,-0.819379166666667,491.522381022726,0.0178683250698571
600,0.001,0.2,1000,"wasserstein",51,3,-0.822112083333333,-0.821554166666667,493.268543446417,0.0108585326768644
600,0.001,0.2,1000,"wasserstein",51,6,-0.819826666666667,-0.820025,491.897143882743,0.0100679044099676
600,0.001,0.2,5000,"betabin",15,3,-0.84,-0.84,504,0
600,0.001,0.2,5000,"betabin",15,6,-0.84,-0.84,504,0
600,0.001,0.2,5000,"betabin",51,3,-0.84,-0.84,504,0
600,0.001,0.2,5000,"betabin",51,6,-0.84,-0.84,504,0
600,0.001,0.2,5000,"betabin_dynamic",15,3,NA,NA,NA,NA
600,0.001,0.2,5000,"betabin_dynamic",15,6,NA,NA,NA,NA
600,0.001,0.2,5000,"betabin_dynamic",51,3,-0.4,-0.4,240,NA
600,0.001,0.2,5000,"betabin_dynamic",51,6,NA,NA,NA,NA
600,0.001,0.2,5000,"bhd",15,3,-0.744406,-0.745361666666667,446.649357019239,0.0151716245826414
600,0.001,0.2,5000,"bhd",15,6,-0.677741166666667,-0.6772875,406.654957396071,0.0153258995171153
600,0.001,0.2,5000,"bhd",51,3,-0.7681595,-0.767865833333333,460.902996828291,0.0191285808286417
600,0.001,0.2,5000,"bhd",51,6,-0.736470083333333,-0.734581666666667,441.896713273192,0.0233584631867154
600,0.001,0.2,5000,"wasserstein",15,3,-0.816037916666667,-0.815965,489.623134327668,0.00570236918037566
600,0.001,0.2,5000,"wasserstein",15,6,-0.81871225,-0.81868,491.227817348682,0.00639139074986147
600,0.001,0.2,5000,"wasserstein",51,3,-0.821865083333333,-0.821976666666667,493.119220365877,0.00393477699603835
600,0.001,0.2,5000,"wasserstein",51,6,-0.819515833333333,-0.819420833333333,491.710038795833,0.00689650998066781
600,0.001,0.3,1000,"betabin",15,3,-0.76,-0.76,456,0
600,0.001,0.3,1000,"betabin",15,6,-0.76,-0.76,456,0
600,0.001,0.3,1000,"betabin",51,3,-0.76,-0.76,456,0
600,0.001,0.3,1000,"betabin",51,6,-0.76,-0.76,456,0
600,0.001,0.3,1000,"betabin_dynamic",15,3,-0.1,-0.1,60,0
600,0.001,0.3,1000,"betabin_dynamic",15,6,0.8,0.8,480,0
600,0.001,0.3,1000,"betabin_dynamic",51,3,-0.1,-0.1,60,0
600,0.001,0.3,1000,"betabin_dynamic",51,6,0.8,0.8,480,0
600,0.001,0.3,1000,"bhd",15,3,-0.541135,-0.541483333333333,324.844860822055,0.0384448173668132
600,0.001,0.3,1000,"bhd",15,6,-0.37887375,-0.380195833333333,227.631471234208,0.0325474706003279
600,0.001,0.3,1000,"bhd",51,3,-0.5673325,-0.564995833333333,340.532195908111,0.0375675794261872
600,0.001,0.3,1000,"bhd",51,6,-0.42516125,-0.4308,256.095421891431,0.0672116289551298
600,0.001,0.3,1000,"wasserstein",15,3,-0.731644583333333,-0.731233333333333,438.988682335604,0.00829963590781113
600,0.001,0.3,1000,"wasserstein",15,6,-0.725539166666667,-0.725125,435.332661355084,0.0175958303595722
600,0.001,0.3,1000,"wasserstein",51,3,-0.74035,-0.7399625,444.211503934218,0.00761241701629965
600,0.001,0.3,1000,"wasserstein",51,6,-0.73636125,-0.736133333333333,441.817784150039,0.00620020172588666
600,0.001,0.3,5000,"betabin",15,3,-0.76,-0.76,456,0
600,0.001,0.3,5000,"betabin",15,6,-0.76,-0.76,456,0
600,0.001,0.3,5000,"betabin",51,3,-0.76,-0.76,456,0
600,0.001,0.3,5000,"betabin",51,6,-0.76,-0.76,456,0
600,0.001,0.3,5000,"betabin_dynamic",15,3,-0.1,-0.1,60,NA
600,0.001,0.3,5000,"betabin_dynamic",15,6,NA,NA,NA,NA
600,0.001,0.3,5000,"betabin_dynamic",51,3,-0.1,-0.1,60,NA
600,0.001,0.3,5000,"betabin_dynamic",51,6,NA,NA,NA,NA
600,0.001,0.3,5000,"bhd",15,3,-0.545324666666667,-0.5465925,327.217554688314,0.0145126507350153
600,0.001,0.3,5000,"bhd",15,6,-0.376451833333333,-0.376975833333333,225.986434437778,0.0197969007544299
600,0.001,0.3,5000,"bhd",51,3,-0.5647535,-0.5651025,338.873181751374,0.0148501844014086
600,0.001,0.3,5000,"bhd",51,6,-0.4382385,-0.439283333333333,263.04251093464,0.0220109600465793
600,0.001,0.3,5000,"wasserstein",15,3,-0.732844416666667,-0.732791666666667,439.707459546515,0.00540057883809247
600,0.001,0.3,5000,"wasserstein",15,6,-0.724699916666667,-0.723784166666667,434.82284823506,0.00986092962630505
600,0.001,0.3,5000,"wasserstein",51,3,-0.739351666666667,-0.739405,443.611270920837,0.00321639528105566
600,0.001,0.3,5000,"wasserstein",51,6,-0.736538916666667,-0.736330833333333,441.923682508813,0.00351852473091065
600,0.001,0.5,1000,"betabin",15,3,-0.6,-0.6,360,0
600,0.001,0.5,1000,"betabin",15,6,-0.6,-0.6,360,0
600,0.001,0.5,1000,"betabin",51,3,-0.6,-0.6,360,0
600,0.001,0.5,1000,"betabin",51,6,-0.6,-0.6,360,0
600,0.001,0.5,1000,"betabin_dynamic",15,3,0.5,0.5,300,0
600,0.001,0.5,1000,"betabin_dynamic",15,6,2,2,1200,0
600,0.001,0.5,1000,"betabin_dynamic",51,3,0.5,0.5,300,0
600,0.001,0.5,1000,"betabin_dynamic",51,6,2,2,1200,0
600,0.001,0.5,1000,"bhd",15,3,-0.0838770833333333,-0.0922916666666667,53.3473600448045,0.0330331951510931
600,0.001,0.5,1000,"bhd",15,6,0.452194583333333,0.444433333333333,272.447654144333,0.0291998364856565
600,0.001,0.5,1000,"bhd",51,3,-0.083135,-0.0776916666666666,51.8087376559205,0.0261122371525676
600,0.001,0.5,1000,"bhd",51,6,0.397685833333333,0.3904,246.348448406926,0.0749402556876179
600,0.001,0.5,1000,"wasserstein",15,3,-0.517002916666667,-0.517816666666667,310.225905903666,0.0137056506444976
600,0.001,0.5,1000,"wasserstein",15,6,-0.5082225,-0.508579166666667,305.047399263623,0.0289825683150332
600,0.001,0.5,1000,"wasserstein",51,3,-0.491927916666667,-0.493370833333333,295.252910347637,0.0253592470169367
600,0.001,0.5,1000,"wasserstein",51,6,-0.522136666666667,-0.521808333333333,313.297254711879,0.0110630085843432
600,0.001,0.5,5000,"betabin",15,3,-0.6,-0.6,360,0
600,0.001,0.5,5000,"betabin",15,6,-0.6,-0.6,360,0
600,0.001,0.5,5000,"betabin",51,3,-0.6,-0.6,360,0
600,0.001,0.5,5000,"betabin",51,6,-0.6,-0.6,360,0
600,0.001,0.5,5000,"betabin_dynamic",15,3,0.5,0.5,300,0
600,0.001,0.5,5000,"betabin_dynamic",15,6,2,2,1200,0
600,0.001,0.5,5000,"betabin_dynamic",51,3,0.5,0.5,300,0
600,0.001,0.5,5000,"betabin_dynamic",51,6,2,2,1200,0
600,0.001,0.5,5000,"bhd",15,3,-0.0759313333333334,-0.077335,46.2375308066943,0.0146064321133339
600,0.001,0.5,5000,"bhd",15,6,0.438739333333333,0.433656666666667,264.088140550461,0.025081704099265
600,0.001,0.5,5000,"bhd",51,3,-0.0894863333333333,-0.0886033333333334,54.0341709818889,0.0114053642797424
600,0.001,0.5,5000,"bhd",51,6,0.3749475,0.386783333333333,226.506907624911,0.0327758220131994
600,0.001,0.5,5000,"wasserstein",15,3,-0.518136083333333,-0.518430833333333,310.887009133946,0.00647775115171889
600,0.001,0.5,5000,"wasserstein",15,6,-0.504521416666667,-0.501445,302.737540448736,0.0133433793499739
600,0.001,0.5,5000,"wasserstein",51,3,-0.492521083333333,-0.491438333333333,295.545980011317,0.0149555350454581
600,0.001,0.5,5000,"wasserstein",51,6,-0.52388975,-0.5233675,314.336118288608,0.00428884082991111
600,0.001,0.7,1000,"betabin",15,3,-0.44,-0.44,264,0
600,0.001,0.7,1000,"betabin",15,6,-0.44,-0.44,264,0
600,0.001,0.7,1000,"betabin",51,3,-0.44,-0.44,264,0
600,0.001,0.7,1000,"betabin",51,6,-0.44,-0.44,264,0
600,0.001,0.7,1000,"betabin_dynamic",15,3,1.1,1.1,660,0
600,0.001,0.7,1000,"betabin_dynamic",15,6,3.2,3.2,1920,0
600,0.001,0.7,1000,"betabin_dynamic",51,3,1.1,1.1,660,0
600,0.001,0.7,1000,"betabin_dynamic",51,6,3.2,3.2,1920,0
600,0.001,0.7,1000,"bhd",15,3,0.399575,0.393525,241.221174257153,0.0325549364166616
600,0.001,0.7,1000,"bhd",15,6,1.324035,1.3254,795.48757791684,0.0302988854162642
600,0.001,0.7,1000,"bhd",51,3,0.36169875,0.3599,218.898246261248,0.0359394160554097
600,0.001,0.7,1000,"bhd",51,6,1.25836958333333,1.24476666666667,758.876146875266,0.0578386888269529
600,0.001,0.7,1000,"wasserstein",15,3,-0.2805275,-0.279125,168.523362074817,0.0198392352285407
600,0.001,0.7,1000,"wasserstein",15,6,-0.2736,-0.271,164.319101628508,0.0170177561410238
600,0.001,0.7,1000,"wasserstein",51,3,-0.327595416666667,-0.327608333333333,196.677870072487,0.0175142773782188
600,0.001,0.7,1000,"wasserstein",51,6,-0.315475,-0.312675,189.401866232886,0.0166181347845191
600,0.001,0.7,5000,"betabin",15,3,-0.44,-0.44,264,0
600,0.001,0.7,5000,"betabin",15,6,-0.44,-0.44,264,0
600,0.001,0.7,5000,"betabin",51,3,-0.44,-0.44,264,0
600,0.001,0.7,5000,"betabin",51,6,-0.44,-0.44,264,0
600,0.001,0.7,5000,"betabin_dynamic",15,3,1.1,1.1,660,0
600,0.001,0.7,5000,"betabin_dynamic",15,6,3.2,3.2,1920,0
600,0.001,0.7,5000,"betabin_dynamic",51,3,1.1,1.1,660,0
600,0.001,0.7,5000,"betabin_dynamic",51,6,3.2,3.2,1920,0
600,0.001,0.7,5000,"bhd",15,3,0.407286,0.404305,244.719400091615,0.0158476277523647
600,0.001,0.7,5000,"bhd",15,6,1.336294,1.3423,802.335354576377,0.0219161882452966
600,0.001,0.7,5000,"bhd",51,3,0.372340916666667,0.371075,223.551082458685,0.0100837962179951
600,0.001,0.7,5000,"bhd",51,6,1.285827,1.292155,772.043772319484,0.021748197685696
600,0.001,0.7,5000,"wasserstein",15,3,-0.270182,-0.269775,162.187653892644,0.01181819067603
600,0.001,0.7,5000,"wasserstein",15,6,-0.273132,-0.27321,163.936403952264,0.0101873030602352
600,0.001,0.7,5000,"wasserstein",51,3,-0.3281575,-0.329349166666667,196.911205664635,0.00652818352388254
600,0.001,0.7,5000,"wasserstein",51,6,-0.316475583333333,-0.316849166666667,189.899111843236,0.00571925964787514
600,0.05,0.1,1000,"betabin",15,3,-0.92,-0.92,552,0
600,0.05,0.1,1000,"betabin",15,6,-0.92,-0.92,552,0
600,0.05,0.1,1000,"betabin",51,3,-0.92,-0.92,552,0
600,0.05,0.1,1000,"betabin",51,6,-0.92,-0.92,552,0
600,0.05,0.1,1000,"betabin_dynamic",15,3,-0.7,-0.7,420,0
600,0.05,0.1,1000,"betabin_dynamic",15,6,-0.4,-0.4,240,0
600,0.05,0.1,1000,"betabin_dynamic",51,3,-0.7,-0.7,420,0
600,0.05,0.1,1000,"betabin_dynamic",51,6,-0.4,-0.4,240,0
600,0.05,0.1,1000,"bhd",15,3,-0.89434625,-0.8943375,536.608583418817,0.0153065501447753
600,0.05,0.1,1000,"bhd",15,6,-0.879412916666667,-0.879525,527.648392680912,0.0116780688693216
600,0.05,0.1,1000,"bhd",51,3,-0.905344166666667,-0.905658333333333,543.206746596082,0.00935039969707662
600,0.05,0.1,1000,"bhd",51,6,-0.900434583333333,-0.900354166666667,540.261430139382,0.0147229296068751
600,0.05,0.1,1000,"wasserstein",15,3,-0.907394583333333,-0.907241666666667,544.437462585236,0.0162651406495858
600,0.05,0.1,1000,"wasserstein",15,6,-0.913355833333333,-0.913754166666667,548.014331532488,0.0188407427610726
600,0.05,0.1,1000,"wasserstein",51,3,-0.912338333333333,-0.912254166666667,547.403069309992,0.00537333288315251
600,0.05,0.1,1000,"wasserstein",51,6,-0.9112375,-0.911316666666667,546.742620318281,0.00698762627908816
600,0.05,0.1,5000,"betabin",15,3,-0.92,-0.92,552,0
600,0.05,0.1,5000,"betabin",15,6,-0.92,-0.92,552,0
600,0.05,0.1,5000,"betabin",51,3,-0.92,-0.92,552,0
600,0.05,0.1,5000,"betabin",51,6,-0.92,-0.92,552,0
600,0.05,0.1,5000,"betabin_dynamic",15,3,-0.7,-0.7,420,0
600,0.05,0.1,5000,"betabin_dynamic",15,6,-0.4,-0.4,240,0
600,0.05,0.1,5000,"betabin_dynamic",51,3,-0.7,-0.7,420,0
600,0.05,0.1,5000,"betabin_dynamic",51,6,-0.4,-0.4,240,0
600,0.05,0.1,5000,"bhd",15,3,-0.894852083333333,-0.894935833333333,536.911352414018,0.0053930226972749
600,0.05,0.1,5000,"bhd",15,6,-0.8793295,-0.879519166666667,527.597912880728,0.00671615168711859
600,0.05,0.1,5000,"bhd",51,3,-0.905572416666667,-0.905486666666667,543.343511130988,0.00466735685425139
600,0.05,0.1,5000,"bhd",51,6,-0.899955166666667,-0.899993333333333,539.97321931694,0.00613542171904921
600,0.05,0.1,5000,"wasserstein",15,3,-0.9078275,-0.907880833333333,544.696623091423,0.0067934720237128
600,0.05,0.1,5000,"wasserstein",15,6,-0.9127765,-0.912821666666667,547.666042556684,0.00774676009595637
600,0.05,0.1,5000,"wasserstein",51,3,-0.912557,-0.912524166666667,547.53421840822,0.00277644080900549
600,0.05,0.1,5000,"wasserstein",51,6,-0.91126425,-0.911184166666667,546.758588201182,0.0039385786418909
600,0.05,0.2,1000,"betabin",15,3,-0.84,-0.84,504,0
600,0.05,0.2,1000,"betabin",15,6,-0.84,-0.84,504,0
600,0.05,0.2,1000,"betabin",51,3,-0.84,-0.84,504,0
600,0.05,0.2,1000,"betabin",51,6,-0.84,-0.84,504,0
600,0.05,0.2,1000,"betabin_dynamic",15,3,-0.4,-0.4,240,0
600,0.05,0.2,1000,"betabin_dynamic",15,6,0.2,0.2,120,0
600,0.05,0.2,1000,"betabin_dynamic",51,3,-0.4,-0.4,240,0
600,0.05,0.2,1000,"betabin_dynamic",51,6,0.2,0.2,120,0
600,0.05,0.2,1000,"bhd",15,3,-0.741882083333333,-0.743420833333333,445.152961347277,0.0304376248088801
600,0.05,0.2,1000,"bhd",15,6,-0.673061666666667,-0.6725625,403.920020508392,0.0428306009095395
600,0.05,0.2,1000,"bhd",51,3,-0.769194583333333,-0.7704,461.534726262553,0.0301789143153096
600,0.05,0.2,1000,"bhd",51,6,-0.734540833333333,-0.737741666666667,440.770167332137,0.040869740996391
600,0.05,0.2,1000,"wasserstein",15,3,-0.814549166666667,-0.815616666666667,488.732607130423,0.0160689635101992
600,0.05,0.2,1000,"wasserstein",15,6,-0.81910375,-0.8192,491.464963111563,0.0154366084587015
600,0.05,0.2,1000,"wasserstein",51,3,-0.82130625,-0.8213875,492.784539034302,0.00843857057509946
600,0.05,0.2,1000,"wasserstein",51,6,-0.819299583333333,-0.819433333333333,491.582173663519,0.0146075197193268
600,0.05,0.2,5000,"betabin",15,3,-0.84,-0.84,504,0
600,0.05,0.2,5000,"betabin",15,6,-0.84,-0.84,504,0
600,0.05,0.2,5000,"betabin",51,3,-0.84,-0.84,504,0
600,0.05,0.2,5000,"betabin",51,6,-0.84,-0.84,504,0
600,0.05,0.2,5000,"betabin_dynamic",15,3,-0.4,-0.4,240,0
600,0.05,0.2,5000,"betabin_dynamic",15,6,0.2,0.2,120,0
600,0.05,0.2,5000,"betabin_dynamic",51,3,-0.4,-0.4,240,0
600,0.05,0.2,5000,"betabin_dynamic",51,6,0.2,0.2,120,0
600,0.05,0.2,5000,"bhd",15,3,-0.742869083333333,-0.743159166666667,445.723931351851,0.00989063542808215
600,0.05,0.2,5000,"bhd",15,6,-0.675621,-0.673474166666667,405.386305570008,0.0175723009037781
600,0.05,0.2,5000,"bhd",51,3,-0.766324666666667,-0.766576666666667,459.798175197662,0.0128920358459057
600,0.05,0.2,5000,"bhd",51,6,-0.73370925,-0.7343975,440.23440308823,0.0179280504633865
600,0.05,0.2,5000,"wasserstein",15,3,-0.815198333333333,-0.815063333333333,489.119236448844,0.00445012261924683
600,0.05,0.2,5000,"wasserstein",15,6,-0.818578083333333,-0.818751666666667,491.147462670378,0.0073119203578329
600,0.05,0.2,5000,"wasserstein",51,3,-0.821154083333333,-0.8211,492.692699686478,0.0047425119747659
600,0.05,0.2,5000,"wasserstein",51,6,-0.818651416666667,-0.818901666666667,491.191295811367,0.00624005731925519
600,0.05,0.3,1000,"betabin",15,3,-0.76,-0.76,456,0
600,0.05,0.3,1000,"betabin",15,6,-0.76,-0.76,456,0
600,0.05,0.3,1000,"betabin",51,3,-0.76,-0.76,456,0
600,0.05,0.3,1000,"betabin",51,6,-0.76,-0.76,456,0
600,0.05,0.3,1000,"betabin_dynamic",15,3,-0.1,-0.1,60,0
600,0.05,0.3,1000,"betabin_dynamic",15,6,0.8,0.8,480,0
600,0.05,0.3,1000,"betabin_dynamic",51,3,-0.1,-0.1,60,0
600,0.05,0.3,1000,"betabin_dynamic",51,6,0.8,0.8,480,0
600,0.05,0.3,1000,"bhd",15,3,-0.540274166666667,-0.536679166666667,324.313645025922,0.0365796964541503
600,0.05,0.3,1000,"bhd",15,6,-0.3662125,-0.36685,220.315576787026,0.0434018150833706
600,0.05,0.3,1000,"bhd",51,3,-0.5544475,-0.554620833333333,332.857782277206,0.0430750354621526
600,0.05,0.3,1000,"bhd",51,6,-0.42132,-0.415704166666667,253.281246611351,0.0464963730296983
600,0.05,0.3,1000,"wasserstein",15,3,-0.732497916666667,-0.7331,439.500158849516,0.00711354772985101
600,0.05,0.3,1000,"wasserstein",15,6,-0.720581666666667,-0.720954166666667,432.364139719057,0.022142516978741
600,0.05,0.3,1000,"wasserstein",51,3,-0.738265,-0.738054166666667,442.959825980303,0.00558865056635669
600,0.05,0.3,1000,"wasserstein",51,6,-0.736177916666667,-0.735716666666667,441.707740880494,0.00606413275933904
600,0.05,0.3,5000,"betabin",15,3,-0.76,-0.76,456,0
600,0.05,0.3,5000,"betabin",15,6,-0.76,-0.76,456,0
600,0.05,0.3,5000,"betabin",51,3,-0.76,-0.76,456,0
600,0.05,0.3,5000,"betabin",51,6,-0.76,-0.76,456,0
600,0.05,0.3,5000,"betabin_dynamic",15,3,-0.1,-0.1,60,0
600,0.05,0.3,5000,"betabin_dynamic",15,6,0.8,0.8,480,0
600,0.05,0.3,5000,"betabin_dynamic",51,3,-0.1,-0.1,60,0
600,0.05,0.3,5000,"betabin_dynamic",51,6,0.8,0.8,480,0
600,0.05,0.3,5000,"bhd",15,3,-0.540927833333333,-0.5408325,324.580485512299,0.0146362723937891
600,0.05,0.3,5000,"bhd",15,6,-0.3686175,-0.3659475,221.330490193285,0.0227875802730353
600,0.05,0.3,5000,"bhd",51,3,-0.560750916666667,-0.558859166666667,336.473947652638,0.0154470444828463
600,0.05,0.3,5000,"bhd",51,6,-0.433534333333333,-0.433803333333333,260.253249935904,0.0250798311753121
600,0.05,0.3,5000,"wasserstein",15,3,-0.732158,-0.732075,439.29523176891,0.00393212293204043
600,0.05,0.3,5000,"wasserstein",15,6,-0.721593333333333,-0.722388333333333,432.959878942033,0.0112564594970766
600,0.05,0.3,5000,"wasserstein",51,3,-0.73831975,-0.738389166666667,442.992209950751,0.00369020503420194
600,0.05,0.3,5000,"wasserstein",51,6,-0.736145416666667,-0.736210833333333,441.687472398471,0.00287250429550011
600,0.05,0.5,1000,"betabin",15,3,-0.6,-0.6,360,0
600,0.05,0.5,1000,"betabin",15,6,-0.6,-0.6,360,0
600,0.05,0.5,1000,"betabin",51,3,-0.6,-0.6,360,0
600,0.05,0.5,1000,"betabin",51,6,-0.6,-0.6,360,0
600,0.05,0.5,1000,"betabin_dynamic",15,3,0.5,0.5,300,0
600,0.05,0.5,1000,"betabin_dynamic",15,6,2,2,1200,0
600,0.05,0.5,1000,"betabin_dynamic",51,3,0.5,0.5,300,0
600,0.05,0.5,1000,"betabin_dynamic",51,6,2,2,1200,0
600,0.05,0.5,1000,"bhd",15,3,-0.0645045833333333,-0.0724708333333334,44.4227773360694,0.039857636468811
600,0.05,0.5,1000,"bhd",15,6,0.482797083333333,0.48205,291.033946342605,0.0323569002262731
600,0.05,0.5,1000,"bhd",51,3,-0.08901,-0.0929916666666666,56.6383813328029,0.0354012477041698
600,0.05,0.5,1000,"bhd",51,6,0.405866666666667,0.429658333333333,248.146445798645,0.0580098627089545
600,0.05,0.5,1000,"wasserstein",15,3,-0.51857375,-0.5189875,311.179358527763,0.0166024288497635
600,0.05,0.5,1000,"wasserstein",15,6,-0.50733875,-0.505333333333333,304.456342676992,0.0197339685031964
600,0.05,0.5,1000,"wasserstein",51,3,-0.501924166666667,-0.503841666666667,301.259928512738,0.0273601326930681
600,0.05,0.5,1000,"wasserstein",51,6,-0.526203333333333,-0.524266666666667,315.740269117672,0.0122582206790628
600,0.05,0.5,5000,"betabin",15,3,-0.6,-0.6,360,0
600,0.05,0.5,5000,"betabin",15,6,-0.6,-0.6,360,0
600,0.05,0.5,5000,"betabin",51,3,-0.6,-0.6,360,0
600,0.05,0.5,5000,"betabin",51,6,-0.6,-0.6,360,0
600,0.05,0.5,5000,"betabin_dynamic",15,3,0.5,0.5,300,0
600,0.05,0.5,5000,"betabin_dynamic",15,6,2,2,1200,0
600,0.05,0.5,5000,"betabin_dynamic",51,3,0.5,0.5,300,0
600,0.05,0.5,5000,"betabin_dynamic",51,6,2,2,1200,0
600,0.05,0.5,5000,"bhd",15,3,-0.0639244166666667,-0.0676266666666667,39.3142736808147,0.0157706702618747
600,0.05,0.5,5000,"bhd",15,6,0.470866333333333,0.469701666666665,283.447662262894,0.0266410432420366
600,0.05,0.5,5000,"bhd",51,3,-0.0845636666666667,-0.0794233333333333,51.9008584562914,0.0204052165753845
600,0.05,0.5,5000,"bhd",51,6,0.3998115,0.393249999999999,240.52825423139,0.0214424655619186
600,0.05,0.5,5000,"wasserstein",15,3,-0.518989416666667,-0.5193475,311.397887094068,0.00577481025736787
600,0.05,0.5,5000,"wasserstein",15,6,-0.508834833333333,-0.508505,305.313704764296,0.0097348390584646
600,0.05,0.5,5000,"wasserstein",51,3,-0.49895625,-0.499326666666667,299.403587739108,0.0144253690098791
600,0.05,0.5,5000,"wasserstein",51,6,-0.526616,-0.526820833333333,315.972087838942,0.00452921571567866
600,0.05,0.7,1000,"betabin",15,3,-0.44,-0.44,264,0
600,0.05,0.7,1000,"betabin",15,6,-0.44,-0.44,264,0
600,0.05,0.7,1000,"betabin",51,3,-0.44,-0.44,264,0
600,0.05,0.7,1000,"betabin",51,6,-0.44,-0.44,264,0
600,0.05,0.7,1000,"betabin_dynamic",15,3,1.1,1.1,660,0
600,0.05,0.7,1000,"betabin_dynamic",15,6,3.2,3.2,1920,0
600,0.05,0.7,1000,"betabin_dynamic",51,3,1.1,1.1,660,0
600,0.05,0.7,1000,"betabin_dynamic",51,6,3.2,3.2,1920,0
600,0.05,0.7,1000,"bhd",15,3,0.426525,0.429825,256.651482812783,0.023289704052736
600,0.05,0.7,1000,"bhd",15,6,1.36102,1.3553,819.669739565882,0.0512290814984116
600,0.05,0.7,1000,"bhd",51,3,0.400416666666667,0.400225,241.57286721091,0.0308270172932792
600,0.05,0.7,1000,"bhd",51,6,1.27697166666667,1.27825,768.5546069441,0.0453072543714442
600,0.05,0.7,1000,"wasserstein",15,3,-0.262075,-0.26235,157.65875627443,0.0264506250912091
600,0.05,0.7,1000,"wasserstein",15,6,-0.26749,-0.26905,160.848067815563,0.0249000607605035
600,0.05,0.7,1000,"wasserstein",51,3,-0.328437916666667,-0.330933333333333,197.148343579778,0.0147906001070852
600,0.05,0.7,1000,"wasserstein",51,6,-0.313355416666667,-0.314129166666667,188.073478915157,0.0118522682771561
600,0.05,0.7,5000,"betabin",15,3,-0.44,-0.44,264,0
600,0.05,0.7,5000,"betabin",15,6,-0.44,-0.44,264,0
600,0.05,0.7,5000,"betabin",51,3,-0.44,-0.44,264,0
600,0.05,0.7,5000,"betabin",51,6,-0.44,-0.44,264,0
600,0.05,0.7,5000,"betabin_dynamic",15,3,1.1,1.1,660,0
600,0.05,0.7,5000,"betabin_dynamic",15,6,3.2,3.2,1920,0
600,0.05,0.7,5000,"betabin_dynamic",51,3,1.1,1.1,660,0
600,0.05,0.7,5000,"betabin_dynamic",51,6,3.2,3.2,1920,0
600,0.05,0.7,5000,"bhd",15,3,0.443135,0.438625,266.080656338637,0.0122112944483807
600,0.05,0.7,5000,"bhd",15,6,1.37129,1.36232,823.035051625871,0.014947040167311
600,0.05,0.7,5000,"bhd",51,3,0.400317833333333,0.397546666666667,240.610045634425,0.0173391960320398
600,0.05,0.7,5000,"bhd",51,6,1.32841175,1.33356666666667,797.545305466561,0.0207003667391498
600,0.05,0.7,5000,"wasserstein",15,3,-0.2581095,-0.257125,154.970846715761,0.0131556198334314
600,0.05,0.7,5000,"wasserstein",15,6,-0.269154,-0.2697,161.553004696292,0.0103525180409849
600,0.05,0.7,5000,"wasserstein",51,3,-0.329216416666667,-0.329759166666667,197.549939152231,0.00718170783586536
600,0.05,0.7,5000,"wasserstein",51,6,-0.312730083333333,-0.312701666666667,187.641057321819,0.00264318011689794
